{
  "GET Zing News Home - 1000" : {
    "transaction" : "GET Zing News Home - 1000",
    "sampleCount" : 8000,
    "errorCount" : 2076,
    "errorPct" : 25.95,
    "meanResTime" : 29378.05225000004,
    "medianResTime" : 22395.0,
    "minResTime" : 21.0,
    "maxResTime" : 150368.0,
    "pct1ResTime" : 63877.90000000003,
    "pct2ResTime" : 75363.95,
    "pct3ResTime" : 97048.9799999999,
    "throughput" : 15.910645813113554,
    "receivedKBytesPerSec" : 1160.6290556609083,
    "sentKBytesPerSec" : 2.877857483621979
  },
  "GET Zing News Home" : {
    "transaction" : "GET Zing News Home",
    "sampleCount" : 5000,
    "errorCount" : 1064,
    "errorPct" : 21.28,
    "meanResTime" : 26215.55839999996,
    "medianResTime" : 17973.5,
    "minResTime" : 24.0,
    "maxResTime" : 125769.0,
    "pct1ResTime" : 62046.900000000016,
    "pct2ResTime" : 72492.24999999999,
    "pct3ResTime" : 92316.10999999996,
    "throughput" : 9.703989504164953,
    "receivedKBytesPerSec" : 750.3057230521425,
    "sentKBytesPerSec" : 1.8224812506792794
  },
  "GET VnExpress Home - 1000" : {
    "transaction" : "GET VnExpress Home - 1000",
    "sampleCount" : 8000,
    "errorCount" : 7295,
    "errorPct" : 91.1875,
    "meanResTime" : 12252.824875000046,
    "medianResTime" : 10008.0,
    "minResTime" : 590.0,
    "maxResTime" : 89477.0,
    "pct1ResTime" : 11915.400000000014,
    "pct2ResTime" : 29586.249999999996,
    "pct3ResTime" : 60536.85,
    "throughput" : 15.978748264807805,
    "receivedKBytesPerSec" : 462.6457963252624,
    "sentKBytesPerSec" : 0.15813928412711092
  },
  "GET Zing News Home - 1000-0" : {
    "transaction" : "GET Zing News Home - 1000-0",
    "sampleCount" : 7346,
    "errorCount" : 0,
    "errorPct" : 0.0,
    "meanResTime" : 6792.769398312017,
    "medianResTime" : 4903.5,
    "minResTime" : 16.0,
    "maxResTime" : 37868.0,
    "pct1ResTime" : 16427.7,
    "pct2ResTime" : 19227.949999999997,
    "pct3ResTime" : 26165.649999999998,
    "throughput" : 14.62580361284825,
    "receivedKBytesPerSec" : 5.9702987404009455,
    "sentKBytesPerSec" : 1.6139802814959494
  },
  "Total" : {
    "transaction" : "Total",
    "sampleCount" : 50048,
    "errorCount" : 17058,
    "errorPct" : 34.08328,
    "meanResTime" : 17635.482077205845,
    "medianResTime" : 10003.0,
    "minResTime" : 3.0,
    "maxResTime" : 150368.0,
    "pct1ResTime" : 38915.000000000015,
    "pct2ResTime" : 51521.45000000001,
    "pct3ResTime" : 74960.32000000011,
    "throughput" : 96.89647828696444,
    "receivedKBytesPerSec" : 4537.710534479608,
    "sentKBytesPerSec" : 9.510029603734681
  },
  "GET Zing News Home-1" : {
    "transaction" : "GET Zing News Home-1",
    "sampleCount" : 4678,
    "errorCount" : 742,
    "errorPct" : 15.861479,
    "meanResTime" : 21317.711415134643,
    "medianResTime" : 13430.0,
    "minResTime" : 3.0,
    "maxResTime" : 113349.0,
    "pct1ResTime" : 51605.10000000002,
    "pct2ResTime" : 62086.30000000002,
    "pct3ResTime" : 80247.71,
    "throughput" : 9.088171583436138,
    "receivedKBytesPerSec" : 745.4108079430434,
    "sentKBytesPerSec" : 0.8214178169349277
  },
  "GET Zing News Home - 1000-1" : {
    "transaction" : "GET Zing News Home - 1000-1",
    "sampleCount" : 7346,
    "errorCount" : 1422,
    "errorPct" : 19.357473,
    "meanResTime" : 24209.707732099127,
    "medianResTime" : 18639.0,
    "minResTime" : 31.0,
    "maxResTime" : 133316.0,
    "pct1ResTime" : 53461.2,
    "pct2ResTime" : 64785.3,
    "pct3ResTime" : 86037.2499999999,
    "throughput" : 14.632445945003834,
    "receivedKBytesPerSec" : 1152.4831786192694,
    "sentKBytesPerSec" : 1.267575343352555
  },
  "GET Zing News Home-0" : {
    "transaction" : "GET Zing News Home-0",
    "sampleCount" : 4678,
    "errorCount" : 0,
    "errorPct" : 0.0,
    "meanResTime" : 5924.822573749472,
    "medianResTime" : 4061.0,
    "minResTime" : 14.0,
    "maxResTime" : 37705.0,
    "pct1ResTime" : 14737.800000000003,
    "pct2ResTime" : 18324.45,
    "pct3ResTime" : 25076.740000000005,
    "throughput" : 9.081361466529223,
    "receivedKBytesPerSec" : 3.707040129891812,
    "sentKBytesPerSec" : 1.0021424274587913
  },
  "GET VnExpress Home" : {
    "transaction" : "GET VnExpress Home",
    "sampleCount" : 5000,
    "errorCount" : 4459,
    "errorPct" : 89.18,
    "meanResTime" : 12662.205399999983,
    "medianResTime" : 10008.0,
    "minResTime" : 514.0,
    "maxResTime" : 92618.0,
    "pct1ResTime" : 14528.600000000002,
    "pct2ResTime" : 35832.59999999995,
    "pct3ResTime" : 60721.93,
    "throughput" : 9.683073020053644,
    "receivedKBytesPerSec" : 338.497095531988,
    "sentKBytesPerSec" : 0.11766257577004638
  }
}