{
  "GET Zing News Home - 1000" : {
    "transaction" : "GET Zing News Home - 1000",
    "sampleCount" : 8000,
    "errorCount" : 0,
    "errorPct" : 0.0,
    "meanResTime" : 176.1368749999997,
    "medianResTime" : 145.0,
    "minResTime" : 51.0,
    "maxResTime" : 10324.0,
    "pct1ResTime" : 288.0,
    "pct2ResTime" : 361.0,
    "pct3ResTime" : 591.0,
    "throughput" : 30.739082822616282,
    "receivedKBytesPerSec" : 2937.2774831115157,
    "sentKBytesPerSec" : 6.69415573187835
  },
  "GET Zing News Home" : {
    "transaction" : "GET Zing News Home",
    "sampleCount" : 5000,
    "errorCount" : 0,
    "errorPct" : 0.0,
    "meanResTime" : 172.15539999999953,
    "medianResTime" : 140.0,
    "minResTime" : 49.0,
    "maxResTime" : 1489.0,
    "pct1ResTime" : 284.90000000000055,
    "pct2ResTime" : 360.0,
    "pct3ResTime" : 591.9799999999996,
    "throughput" : 22.66741015771984,
    "receivedKBytesPerSec" : 2165.956455090477,
    "sentKBytesPerSec" : 4.936359829269067
  },
  "GET VnExpress Home - 1000" : {
    "transaction" : "GET VnExpress Home - 1000",
    "sampleCount" : 8000,
    "errorCount" : 7732,
    "errorPct" : 96.65,
    "meanResTime" : 9202.656250000011,
    "medianResTime" : 10001.0,
    "minResTime" : 12.0,
    "maxResTime" : 30749.0,
    "pct1ResTime" : 10012.0,
    "pct2ResTime" : 10014.0,
    "pct3ResTime" : 10041.0,
    "throughput" : 30.648757575989766,
    "receivedKBytesPerSec" : 388.49365052921786,
    "sentKBytesPerSec" : 0.2981631756614385
  },
  "GET Zing News Home - 1000-0" : {
    "transaction" : "GET Zing News Home - 1000-0",
    "sampleCount" : 8000,
    "errorCount" : 0,
    "errorPct" : 0.0,
    "meanResTime" : 46.224625000000145,
    "medianResTime" : 33.0,
    "minResTime" : 7.0,
    "maxResTime" : 1105.0,
    "pct1ResTime" : 95.0,
    "pct2ResTime" : 123.0,
    "pct3ResTime" : 206.98999999999978,
    "throughput" : 30.785333866945788,
    "receivedKBytesPerSec" : 12.566669488655606,
    "sentKBytesPerSec" : 3.397209694301635
  },
  "Total" : {
    "transaction" : "Total",
    "sampleCount" : 52000,
    "errorCount" : 12495,
    "errorPct" : 24.028847,
    "meanResTime" : 2346.971057692297,
    "medianResTime" : 123.0,
    "minResTime" : 7.0,
    "maxResTime" : 30749.0,
    "pct1ResTime" : 10004.0,
    "pct2ResTime" : 10010.0,
    "pct3ResTime" : 10015.0,
    "throughput" : 198.8923227563416,
    "receivedKBytesPerSec" : 10212.577816322462,
    "sentKBytesPerSec" : 22.237052904640695
  },
  "GET Zing News Home-1" : {
    "transaction" : "GET Zing News Home-1",
    "sampleCount" : 5000,
    "errorCount" : 0,
    "errorPct" : 0.0,
    "meanResTime" : 127.40399999999997,
    "medianResTime" : 108.0,
    "minResTime" : 33.0,
    "maxResTime" : 1214.0,
    "pct1ResTime" : 201.0,
    "pct2ResTime" : 252.0,
    "pct3ResTime" : 462.9899999999998,
    "throughput" : 22.677691048208235,
    "receivedKBytesPerSec" : 2157.6817285630623,
    "sentKBytesPerSec" : 2.4360800930692443
  },
  "GET Zing News Home - 1000-1" : {
    "transaction" : "GET Zing News Home - 1000-1",
    "sampleCount" : 8000,
    "errorCount" : 0,
    "errorPct" : 0.0,
    "meanResTime" : 129.82325000000006,
    "medianResTime" : 111.0,
    "minResTime" : 37.0,
    "maxResTime" : 10265.0,
    "pct1ResTime" : 199.0,
    "pct2ResTime" : 251.0,
    "pct3ResTime" : 436.9899999999998,
    "throughput" : 30.751725940618417,
    "receivedKBytesPerSec" : 2925.9326474437144,
    "sentKBytesPerSec" : 3.3034080600273685
  },
  "GET Zing News Home-0" : {
    "transaction" : "GET Zing News Home-0",
    "sampleCount" : 5000,
    "errorCount" : 0,
    "errorPct" : 0.0,
    "meanResTime" : 44.64680000000005,
    "medianResTime" : 30.0,
    "minResTime" : 7.0,
    "maxResTime" : 1103.0,
    "pct1ResTime" : 92.0,
    "pct2ResTime" : 126.0,
    "pct3ResTime" : 219.95999999999913,
    "throughput" : 22.67820533754241,
    "receivedKBytesPerSec" : 9.257314288176492,
    "sentKBytesPerSec" : 2.5025753936936446
  },
  "GET VnExpress Home" : {
    "transaction" : "GET VnExpress Home",
    "sampleCount" : 5000,
    "errorCount" : 4763,
    "errorPct" : 95.26,
    "meanResTime" : 8776.547200000005,
    "medianResTime" : 10001.0,
    "minResTime" : 13.0,
    "maxResTime" : 30705.0,
    "pct1ResTime" : 10007.0,
    "pct2ResTime" : 10013.0,
    "pct3ResTime" : 10042.0,
    "throughput" : 22.558595952987886,
    "receivedKBytesPerSec" : 380.0341577677705,
    "sentKBytesPerSec" : 0.33340018667238147
  }
}